title,playlist_id,video_count
Psalms,PLdE_o99zEY27-DrNyP2Ftz-1QgRmNn8Ol,37
Malachi,PLdE_o99zEY27VKVU55mc1LZnFBhb1O_7G,3
Leviticus,PLdE_o99zEY242gRx1FubzdcxWRpak8V4d,28
Ephesians,PLdE_o99zEY244rIrneNhGp4eX1VbJ8cjr,7
2 Corinthians,PLdE_o99zEY25woGSxi05Qjt68JXk_4X6w,14
1 Corinthians,PLdE_o99zEY251-himxjvWX5xzCK6E6d1Q,17
2 Samuel,PLdE_o99zEY26txFWmJMSIDPJfwNnP8yLx,1
1 Samuel,PLdE_o99zEY261r06kVteKvzxQimtN0BPO,25
3 John,PLdE_o99zEY26Y2nzhlixCfa9BS9D592fa,2
2 John,PLdE_o99zEY25uKb2eMMuZif5_nKCULhf4,2
1 John,PLdE_o99zEY25iW7Rw54HtSB4t0R-XXQfK,6
Philemon,PLdE_o99zEY24Va1HJpRSD5_7kfFqHqeFP,2
Joel,PLdE_o99zEY24mkanKmXiC3b3RYr6qcv_L,4
Obadiah,PLdE_o99zEY270jrNbKk_x1V5QmLf7xi56,2
Jonah,PLdE_o99zEY24W3qhYRljYaSJdFYRi3EIX,5
John,PLdE_o99zEY25NjY_hSRH3CNyMWXJRtfZY,22
2 Timothy,PLdE_o99zEY27mBmCjYPwYK3P9IYnRj7tG,5
Exodus,PLdE_o99zEY2664u9qeoLXWLjLytWnLT1O,41
1 Timothy,PLdE_o99zEY26vvyW3xvcx6h2EDf6d3ggy,7
Judges,PLdE_o99zEY25Id0EvkCnFsv5Qvu1BT38U,22
2 Thessalonians,PLdE_o99zEY27l6UUUc06L_1tQ_2WJ6wxH,4
Jude,PLdE_o99zEY26ASF0eUFx-NgvY6VRQ0igs,2
Ruth,PLdE_o99zEY25YL8Bkegkxh-vY-asIgJrr,5
Open Bible Stories,PLdE_o99zEY27D4H6XdxmN9ZmUluJKZZTo,50
Joshua,PLdE_o99zEY257B_s-Sk1NcqEg7N3a6A6s,25
1 Thessalonians,PLdE_o99zEY244Awl_6UlGd190nbBOKJuX,6
Matthew,PLdE_o99zEY27qphIt6afYSZn0zM7nP1qF,29
Acts,PLdE_o99zEY27YhLCEilZuNtU-4mQfey9F,29
Luke,PLdE_o99zEY26D38J8TBiwXRpOH0RF0qcp,25
Genesis,PLdE_o99zEY26D3Sa-W39eQI_QZs71CrW_,50
Mark,PLdE_o99zEY25fCGMRsQxHSt5Bj9z-fxj-,17
Titus,PLdE_o99zEY26W3tn_-HRIGT1q30a-DJQ_,4
